,output
0,"Based on the data provided in the table, there are several anomalies detected:

1. Anomaly detected at 2022-03-28 08:20:00, with 77 num_routes and 19 unique prefixes announced.
2. Anomaly detected at 2022-03-28 08:25:00, with 0 num_routes and 0 unique prefixes announced.
3. Anomaly detected at 2022-03-28 08:30:00, with 0 num_routes and 0 unique prefixes announced.
4. Anomaly detected at 2022-03-28 08:35:00, with 1 num_route and 1 unique prefix announced.

The reason for these anomalies is:

1. High number of num_routes (77) and unique prefixes announced (19) at 2022-03-28 08:20:00. This is likely due to a route change or multiple announcements from the same AS.
2. Zero num_routes and unique prefixes announced (0) at 2022-03-28 08:25:00 and 2022-03-28 08:30:00. This is likely due to a lack of new route updates or announcements from the same AS.
3. One num_route (1) and one unique prefix announced (1) at 2022-03-28 08:35:00. This is likely due to a single route change or update.

The anomalies are detected based on the following statistical parameters:

* High number of num_routes (77) and unique prefixes announced (19) at 2022-03-28 08:20:00.
* Low number of num_routes (0) and unique prefixes announced (0) at 2022-03-28 08:25:00, 2022-03-28 08:30:00.
* High number of num_route (1) and unique prefix announced (1) at 2022-03-28 08:35:00.

Note that these are just examples, and the specific values that are considered anomalous may vary depending on the context and the threshold values used for anomaly detection."
1,"Based on the data provided, there are several anomalies detected in the dataset.

The first anomaly is detected at timestamp 2022-03-28 09:40:00, where the number of origin_changes (0) is much higher than the average number of origin_changes (0.0) in the same time period. This indicates that there was a significant change in the number of routes originating from AS 8342 at this particular timestamp.

The second anomaly is detected at timestamp 2022-03-28 10:15:00, where the number of routes (10) is much higher than the average number of routes (41) in the same time period. This indicates that there was a significant increase in the number of routes announced by AS 8342 at this particular timestamp.

The reason for these anomalies is that the values of num_origin_changes and num_routes are much higher or lower than the average values in the same time period. These anomalies could be due to various reasons such as changes in network topology, routing policies, or network anomalies.

Therefore, the data indicates two anomalies:

1. Anomaly detected at 2022-03-28 09:40:00, due to high number of origin_changes (0) compared to average number of origin_changes (0.0) in the same time period.
2. Anomaly detected at 2022-03-28 10:15:00, due to high number of routes (10) compared to average number of routes (41) in the same time period."
2,"Yes, the data indicates an anomaly. Specifically, the anomaly is detected at 2022-03-28 10:25:00, with the following values being anomalous:

* num_new_routes = 8;
* num_route_changes = 6;
* max_path_length = 3.5;
* avg_path_length = 2.8076923076923075;

The high number of new routes (8) and route changes (6) at this timestamp suggest a high level of route recombination activity, which is unusual in this dataset. Additionally, the maximum path length of 3.5 and average path length of 2.8076923076923075 are both relatively high, indicating a high degree of route diversity.

It's worth noting that these values are based on the entire dataset, and the anomaly may be due to a variety of factors, such as a specific network topology or routing behavior. Further analysis is needed to determine the root cause of the anomaly."
3,"Based on the data provided in the table, there are several anomalies detected:

1. Anomaly detected at 2022-03-28 13:25:00, with 20 rows having num_routes = 20, which is much higher than the average value of num_routes = 4.0.
2. Anomaly detected at 2022-03-28 13:30:00, with 20 rows having num_routes = 20, similar to the previous anomaly.
3. Anomaly detected at 2022-03-28 13:35:00, with 11 rows having num_route_changes = 11, which is much higher than the average value of num_route_changes = 4.0.

The reason for these anomalies is the high number of routes (20) and route changes (11) in a short time frame (less than an hour) for prefix 8342. This could indicate a significant change in routing behavior for this prefix, possibly due to a network upgrade or configuration change.

Therefore, the anomalies are detected at timestamps 2022-03-28 13:25:00, 2022-03-28 13:30:00, and 2022-03-28 13:35:00."
4,"Based on the data provided in the table, there are several anomalies detected:

1. Anomaly detected at 2022-03-28 13:45:00, with a value of num_routes = 9 and num_new_routes = 9. The high number of num_new_routes is anomalous, indicating possible route creations due to path anomalies or other issues.
2. Anomaly detected at 2022-03-28 14:05:00, with a value of num_routes = 25 and num_withdrawals = 25. The high number of num_withdrawals is anomalous, suggesting possible route changes or withdrawals due to route anomalies or other issues.
3. Anomaly detected at 2022-03-28 14:15:00, with a value of num_routes = 10 and avg_path_length = 2.25. The high average path length is anomalous, suggesting possible issues with route aggregation or other path length-related issues.
4. Anomaly detected at 2022-03-28 14:25:00, with a value of num_route_changes = 11 and max_path_length = 5.0. The high number of route changes and the maximum path length are anomalous, suggesting possible issues with route changes or path length-related issues.

Reason for anomaly:

* Anomaly detected at 2022-03-28 13:45:00 due to high value of num_new_routes = 9, suggesting possible route creations due to path anomalies or other issues.
* Anomaly detected at 2022-03-28 14:05:00 due to high value of num_withdrawals = 25, suggesting possible route changes or withdrawals due to route anomalies or other issues.
* Anomaly detected at 2022-03-28 14:15:00 due to high value of avg_path_length = 2.25, suggesting possible issues with route aggregation or other path length-related issues.
* Anomaly detected at 2022-03-28 14:25:00 due to high value of num_route_changes = 11 and max_path_length = 5.0, suggesting possible issues with route changes or path length-related issues."
5,"Based on the data provided, there are several anomalies detected in the BGP data for ASN 8342:

1. Anomaly detected at 2022-03-28 15:25:00, with a high value of num_routes=1 and num_new_routes=1. This is an anomaly because there is a high number of new routes announced by this prefix, which is unusual for this time period.
2. Anomaly detected at 2022-03-28 15:30:00, with a high value of num_routes=0 and num_new_routes=0. This is an anomaly because there are no routes announced by this prefix, which is unusual for this time period.
3. Anomaly detected at 2022-03-28 15:35:00, with a high value of num_route_changes=1 and avg_path_length=3.0, max_edit_distance=3.0. This is an anomaly because there is a high number of route changes and maximum edit distance at this prefix, which is unusual for this time period.
4. Anomaly detected at 2022-03-28 16:25:00, with a high value of num_routes=0 and num_new_routes=0. This is an anomaly because there are no routes announced by this prefix, which is unusual for this time period.

Reason for anomaly:

* High value of num_routes=1 and num_new_routes=1 at 2022-03-28 15:25:00: This is an anomaly because there is a high number of new routes announced by this prefix, which is unusual for this time period.
* High value of num_routes=0 and num_new_routes=0 at 2022-03-28 15:30:00: This is an anomaly because there are no routes announced by this prefix, which is unusual for this time period.
* High value of num_route_changes=1 and avg_path_length=3.0, max_edit_distance=3.0 at 2022-03-28 15:35:00: This is an anomaly because there is a high number of route changes and maximum edit distance at this prefix, which is unusual for this time period.
* High value of num_routes=0 at 2022-03-28 16:25:00: This is an anomaly because there are no routes announced by this prefix, which is unusual for this time period.

The reason for these anomalies is likely due to changes in network topology or routing policies, which can cause unusual routing behavior. It is important to investigate these anomalies to understand the underlying cause and take appropriate action to prevent any potential issues."
6,"Based on the data provided, there are several anomalies detected in the BGP data for ASN 8342.

The first anomaly is detected at timestamp 2019-05-08 14:05:00, where the number of new routes (num_new_routes) is 0, which is anomalous given the high value of num_routes (0). This suggests that there was a significant increase in the number of routes at this particular time, which may indicate a change in network topology or routing behavior.

The second anomaly is detected at timestamp 2019-05-08 14:10:00, where the maximum path length (max_path_length) is 6, which is longer than the average maximum path length of 4.0. This may indicate a change in routing behavior or network topology.

The third anomaly is detected at timestamp 2019-05-08 14:15:00, where the number of origin changes (num_origin_changes) is 5, which is higher than the average value of 0.0. This may indicate a change in routing behavior or network topology.

The fourth anomaly is detected at timestamp 2019-05-08 14:20:00, where the number of routes (num_routes) is 0, which is anomalous given the high value of num_announcements (4). This may indicate a significant change in routing behavior or network topology.

The fifth anomaly is detected at timestamp 2019-05-08 14:25:00, where the number of routes (num_routes) is 5, which is higher than the average value of 0.0. This may indicate a change in routing behavior or network topology.

The sixth anomaly is detected at timestamp 2019-05-08 14:30:00, where the number of routes (num_routes) is 1, which is anomalous given the high value of num_announcements (8). This may indicate a significant change in routing behavior or network topology.

The seventh anomaly is detected at timestamp 2019-05-08 14:35:00, where the number of routes (num_routes) is 5, which is higher than the average value of 0.0. This may indicate a change in routing behavior or network topology.

The eighth anomaly is detected at timestamp 2019-05-08 14:40:00, where the number of routes (num_routes) is 0, which is anomalous given the high value of num_announcements (4). This may indicate a significant change in routing behavior or network topology.

The ninth anomaly is detected at timestamp 2019-05-08 14:45:00, where the number of routes (num_routes) is 7, which is higher than the average value of 0.0. This may indicate a change in routing behavior or network topology.

The tenth anomaly is detected at timestamp 2019-05-08 14:50:00, where the number of routes (num_routes) is 1, which is anomalous given the high value of num_announcements (8). This may indicate a significant change in routing behavior or network topology.

The eleventh anomaly is detected at timestamp 2019-05-08 14:55:00, where the number of routes (num_routes) is 5, which is higher than the average value of 0.0. This may indicate a change in routing behavior or network topology.

The twelfth anomaly is detected at timestamp 2019-05-08 15:00:00, where the number of routes (num_routes) is 0, which is anomalous given the high value of num_announcements (4). This may indicate a significant change in routing behavior or network topology.

The thirteenth anomaly is detected at timestamp 2019-05-08 15:05:00, where the number of routes (num_routes) is 7, which is higher than the average value of 0.0. This may indicate a change in routing behavior or network topology.

The fourteenth anomaly is detected at timestamp 2019-05-08 15:10:00, where the number of routes (num_routes) is 2, which is anomalous given the high value of num_unique_prefixes_announced (373). This may indicate a change in routing behavior or network topology.

The fifteenth anomaly is detected at timestamp 2019-05-08 15:15:00, where the number of routes (num_routes) is 5, which is higher than the average value of 0.0. This may indicate a change in routing behavior or network topology.

The sixteenth anomaly is detected at timestamp 2019-05-08 15:20:00, where the number of routes (num_routes) is 0, which is anomalous given the high value of num_unique_prefixes_announced (373). This may indicate a significant change in routing behavior or network topology.

The seventeenth anomaly is detected at timestamp 2019-05-08 15:25:00, where the number of routes (num_routes) is 5"
7,"Based on the data provided, there are several anomalies detected in the BGP data.

The first anomaly is detected at timestamp 2019-05-08 15:40:00, where the number of new routes (4) is significantly higher than the average number of new routes (0.0) in the same time period. This indicates that there was a significant increase in the number of routes announced by AS 268869 at this time.

The second anomaly is detected at timestamp 2019-05-08 15:50:00, where the number of route changes (4) is higher than the average number of route changes (0.0) in the same time period. This suggests that there were several route changes made by AS 268869 in a short period of time.

The third anomaly is detected at timestamp 2019-05-08 16:00:00, where the number of routes (0) is much higher than the average number of routes (0.0) in the same time period. This indicates that AS 268869 did not announce any routes at this time.

The fourth anomaly is detected at timestamp 2017-12-12 04:40:00, where the number of routes (77) is significantly higher than the average number of routes (3.93) in the same time period. This suggests that there was a large increase in the number of routes announced by all ASes in the time period.

The fifth anomaly is detected at timestamp 2017-12-12 04:45:00, where the number of route changes (50) is higher than the average number of route changes (3.91) in the same time period. This suggests that there were several route changes made by all ASes in the time period.

The sixth anomaly is detected at timestamp 2017-12-12 04:50:00, where the number of routes (50) is higher than the average number of routes (0.0) in the same time period. This suggests that AS 39523 announced several routes at this time.

The seventh anomaly is detected at timestamp 2017-12-12 05:00:00, where the number of routes (77) is significantly higher than the average number of routes (3.93) in the same time period. This suggests that there was a large increase in the number of routes announced by all ASes in the time period.

The eighth anomaly is detected at timestamp 2017-12-12 05:05:00, where the number of route changes (50) is higher than the average number of route changes (3.91) in the same time period. This suggests that there were several route changes made by all ASes in the time period.

In each of these anomalies, the values that are anomalous are the number of new routes, route changes, or routes announced by a specific AS. These values are significantly higher or lower than the average values in the same time period, indicating unusual behavior in the BGP data."
8,"Based on the data provided, there are several anomalies detected in the dataset.

The first anomaly is detected at timestamp 2017-12-12 06:20:00, where the number of origin changes (num_origin_changes) is 31. This is anomalous because the maximum value of num_origin_changes for this time period is 0.

The second anomaly is detected at timestamp 2017-12-12 06:25:00, where the number of routes annunciated by AS 39523 is 31, and the number of route changes is 31. This is anomalous because the maximum value of num_routes=31 is reached at 2017-12-12 06:10:00, and the number of route changes is anomalous because the maximum value of num_route_changes=31 is reached at 2017-12-12 06:10:00, 2017-12-12 06:20:00, and 2017-12-12 06:25:00.

The third anomaly is detected at timestamp 2017-12-12 06:35:00, where the number of routes annunciated by AS 39523 is 0, and the number of route changes is 31. This is anomalous because the maximum value of num_routes=0 is reached at 2017-12-12 06:35:00, and the number of route changes is anomalous because the maximum value of num_route_changes=31 is reached at 2017-12-12 06:10:00, 2017-12-12 06:20:00, and 2017-12-12 06:35:00.

The fourth anomaly is detected at timestamp 2017-12-12 06:40:00, where the number of routes annunciated by AS 39523 is 0, and the number of route changes is 2. This is anomalous because the maximum value of num_routes=0 is reached at 2017-12-12 06:40:00, and the number of route changes is anomalous because the maximum value of num_route_changes=2 is reached at 2017-12-12 06:40:00.

The fifth anomaly is detected at timestamp 2017-12-12 06:45:00, where the number of routes annunciated by AS 39523 is 31, and the number of route changes is 31. This is anomalous because the maximum value of num_routes=31 is reached at 2017-12-12 06:45:00, and the number of route changes is anomalous because the maximum value of num_route_changes=31 is reached at 2017-12-12 06:10:00, 2017-12-12 06:20:00, 2017-12-12 06:25:00, and 2017-12-12 06:45:00.

In summary, the anomalies detected in the dataset are related to high numbers of route changes, origin changes, and routes annunciated by a single AS."
9,"Based on the data provided in the table, there are several anomalies detected in the BGP data for ASN 39523.

The first anomaly is detected at timestamp 2017-12-12 07:05:00, where the number of new routes (2211) is much higher than the average number of new routes (7.4) in the time period. This indicates an anomaly in route creation activity.

The second anomaly is detected at timestamp 2017-12-12 07:10:00, where the number of routes with origin change (20) is significantly higher than the average number of origin changes (0.4) in the time period. This suggests an anomaly in route modification activity.

The third anomaly is detected at timestamp 2017-12-12 07:25:00, where the number of routes (0) is much higher than the average number of routes (7.4) in the time period. This indicates an anomaly in route withdrawal activity.

The reason for these anomalies is the high volume of route changes and origin changes, which is not typical for ASN 39523 in this time period. These anomalies may indicate a significant event or change in the network, such as a network upgrade or migration.

Therefore, the anomalies are detected at timestamps 2017-12-12 07:05:00, 2017-12-12 07:10:00, and 2017-12-12 07:25:00."
